{
  "jumlah_siswa": {
    "0": 224,
    "1": 128,
    "2": 235,
    "3": 62
  },
  "persentase": {
    "0": 34.514637904468415,
    "1": 19.72265023112481,
    "2": 36.209553158705695,
    "3": 9.553158705701078
  },
  "segment_names": {
    "0": "SANGAT BAIK (Prestasi Tinggi)",
    "2": "BAIK (Potensi Bagus)",
    "1": "CUKUP (Perlu Motivasi)",
    "3": "KURANG (Butuh Bimbingan)"
  },
  "cluster_order": [
    0,
    2,
    1,
    3
  ],
  "silhouette_score": 0.12773349020347116,
  "davies_bouldin_score": 1.994158306353865
}